episode;loss
0;1446.522154
1;1212.917716
2;1115.004164
3;1078.606739
4;1063.424473
5;1059.588702
6;1049.999830
7;1049.379223
8;1037.179963
9;1039.111612
10;1028.608039
11;1022.805914
12;1025.673597
13;1020.525271
14;1010.995590
15;1011.084344
16;1002.995466
17;994.876179
18;990.282897
19;987.396199
20;979.878559
21;985.375176
22;972.246778
23;975.779194
24;970.136636
25;966.843985
26;960.822178
27;950.260902
28;951.079983
29;949.999901
30;940.264296
31;940.350910
32;936.990005
33;927.876236
34;920.456941
35;927.209004
36;916.665847
37;919.154028
38;908.956697
39;903.837007
40;905.013248
41;897.775001
42;892.856112
43;889.668846
44;887.777778
45;886.262576
46;877.339673
47;874.805663
48;864.652205
49;865.941621
50;862.307039
51;862.320924
52;856.182669
53;851.917021
54;842.392545
55;844.143144
56;841.142701
57;826.345186
58;834.423000
59;827.637340
60;827.281071
61;810.203646
62;820.649835
63;816.158235
64;811.493959
65;806.951570
66;801.986586
67;800.255062
68;790.215626
69;792.348112
70;788.821565
71;786.732820
72;784.327938
73;774.788047
74;774.614697
75;770.371150
76;757.304142
77;766.929350
78;762.060669
79;758.515363
80;755.030686
81;750.937765
82;746.711154
83;746.882463
84;737.886369
85;735.004454
86;729.924795
87;731.670056
88;721.096702
89;724.282316
90;718.744779
91;718.608562
92;710.042072
93;712.526988
94;704.970642
95;704.307841
96;701.773372
97;699.740886
98;695.944278
99;690.767896
100;689.926233
101;685.376404
102;678.573613
103;681.080101
104;677.526882
105;674.010050
106;668.092061
107;669.886119
108;661.595299
109;657.676714
110;660.636835
111;657.519599
112;653.215534
113;648.312288
114;646.002529
115;642.430063
116;638.524626
117;637.489224
118;636.071613
119;634.150847
120;629.860253
121;626.114922
122;622.375505
123;619.648294
124;615.544943
125;616.682609
126;613.778895
127;611.703856
128;608.311185
129;605.119001
130;602.865625
131;599.895491
132;595.363725
133;593.219496
134;591.735905
135;589.555110
136;586.891346
137;584.025854
138;579.605444
139;579.473953
140;575.743876
141;571.106743
142;571.967207
143;569.161162
144;564.710702
145;563.588496
146;553.340710
147;558.149559
148;552.635499
149;554.346330
150;551.005026
151;545.730539
152;544.371814
153;540.673865
154;540.662418
155;539.479608
156;534.876586
157;533.348894
158;530.877973
159;529.420088
160;518.979232
161;522.207183
162;516.988132
163;519.674994
164;517.227251
165;511.382718
166;511.065764
167;506.911842
168;507.132459
169;501.886870
170;501.153361
171;497.562333
172;495.596400
173;498.217774
174;489.036950
175;490.363457
176;491.009057
177;489.340682
178;484.089192
179;481.578261
180;481.443398
181;477.183866
182;478.393623
183;471.007955
184;473.606155
185;464.906545
186;467.889836
187;467.455350
188;465.245909
189;459.708079
190;460.428928
191;458.238004
192;453.905015
193;454.867552
194;452.712520
195;447.414624
196;448.585369
197;446.570729
198;442.194561
199;442.270700
200;437.849076
201;438.432054
202;434.544053
203;433.898039
204;431.844874
205;426.225636
206;421.762197
207;428.503245
208;425.704704
209;421.556011
210;418.477399
211;419.091672
212;417.090469
213;414.562936
214;413.168916
215;408.606486
216;409.251796
217;408.062021
218;405.785265
219;403.019726
220;402.738346
221;399.784214
222;398.850199
223;396.277098
224;393.685186
225;392.936921
226;391.463068
227;389.340290
228;388.131398
229;384.322141
230;384.066761
231;379.085742
232;381.574532
233;379.626949
234;378.036462
235;375.524010
236;370.858436
237;373.671094
238;371.428011
239;365.715721
240;361.843000
241;365.521613
242;364.594709
243;357.637871
244;360.756040
245;358.458080
246;358.650061
247;356.629350
248;355.144684
249;352.556141
250;351.575822
251;349.739088
252;344.487952
253;347.462008
254;345.081285
255;343.209534
256;337.785061
257;341.150309
258;339.317364
259;337.072448
260;335.436777
261;334.363275
262;331.928076
263;331.139651
264;329.143583
265;328.823712
266;327.615941
267;325.255902
268;324.071728
269;321.898415
270;320.774143
271;319.916149
272;318.683005
273;315.927013
274;313.836948
275;313.004661
276;311.305913
277;309.690161
278;310.114655
279;306.480865
280;307.306401
281;305.600969
282;304.504174
283;301.698514
284;301.580446
285;300.376056
286;298.931800
287;292.778227
288;293.377787
289;295.205074
290;292.942650
291;291.362551
292;290.960917
293;289.441497
294;288.441666
295;283.748210
296;285.085874
297;280.493560
298;280.821603
299;280.651595
300;281.528041
301;277.155154
302;279.467815
303;276.667592
304;276.314933
305;274.825703
306;272.389529
307;271.708874
308;270.984025
309;269.587516
310;267.782477
311;267.512001
312;264.011006
313;264.720713
314;263.752098
315;261.289200
316;258.623236
317;259.691111
318;258.243175
319;256.504615
320;255.089317
321;254.717659
322;253.874375
323;252.814350
324;252.045089
325;250.575129
326;249.269900
327;248.467511
328;247.210373
329;246.167420
330;245.083536
331;244.145848
332;241.806453
333;241.458029
334;240.758216
335;239.280169
336;238.749432
337;236.853631
338;236.957501
339;235.308013
340;233.395724
341;233.553462
342;231.976635
343;230.588650
344;230.168198
345;229.531961
346;228.183638
347;227.164286
348;225.639261
349;224.773506
350;223.852519
351;221.375470
352;219.682389
353;221.121684
354;219.100760
355;218.662095
356;218.389613
357;216.752851
358;216.146035
359;214.912421
360;213.955444
361;211.781109
362;210.064669
363;210.911939
364;208.967350
365;209.776075
366;207.513612
367;205.233220
368;206.654631
369;205.223248
370;204.573311
371;202.709663
372;201.556880
373;202.192099
374;201.098554
375;200.200457
376;199.339063
377;198.359829
378;196.195860
379;196.175445
380;195.218322
381;194.291583
382;193.824934
383;193.297241
384;191.574436
385;190.818398
386;189.949813
387;189.897664
388;188.134622
389;187.807337
390;186.949721
391;186.520042
392;184.853221
393;183.854555
394;183.896550
395;181.554099
396;181.198139
397;180.713424
398;179.129898
399;180.627963
400;179.115724
401;177.903461
402;176.810438
403;176.480196
404;175.640930
405;174.693948
406;174.347395
407;171.968765
408;171.229762
409;171.744700
410;168.394494
411;168.937564
412;169.153386
413;169.009705
414;168.241491
415;165.857840
416;166.730499
417;165.568265
418;165.140875
419;163.727975
420;163.528077
421;162.449420
422;161.996709
423;160.566217
424;160.364165
425;158.566140
426;159.630480
427;158.551871
428;157.663995
429;157.338202
430;155.700397
431;155.142764
432;154.344022
433;152.899735
434;153.411713
435;152.879069
436;149.886357
437;151.505305
438;150.263660
439;150.237088
440;149.018376
441;148.398740
442;147.317365
443;147.418994
444;146.575958
445;146.022795
446;144.331679
447;144.735667
448;144.074186
449;141.758203
450;142.337253
451;142.089233
452;141.169434
453;141.082099
454;139.451642
455;139.213994
456;139.000187
457;138.348217
458;137.685488
459;137.001546
460;135.565895
461;136.048802
462;135.409983
463;134.392362
464;134.398893
465;133.672013
466;133.075848
467;131.504127
468;131.328701
469;131.372700
470;129.842414
471;129.479620
472;128.204971
473;128.930539
474;128.159125
475;127.114405
476;127.057534
477;126.346548
478;126.028580
479;124.678902
480;124.957846
481;124.096315
482;123.484338
483;122.743110
484;122.352538
485;121.477632
486;120.778151
487;120.687724
488;119.750067
489;119.821731
490;118.720574
491;118.900079
492;116.923413
493;117.609534
494;115.871611
495;116.654633
496;116.118353
497;115.254223
498;115.232650
499;113.454803
500;113.862517
501;113.423897
502;112.900247
503;112.508277
504;111.774327
505;111.433328
506;110.126588
507;109.899685
508;110.209974
509;109.326100
510;108.887704
511;108.691509
512;108.057339
513;107.068658
514;106.699805
515;107.006509
516;106.214581
517;105.227840
518;103.940202
519;104.619467
520;104.296126
521;103.375339
522;103.271145
523;102.710701
524;102.504594
525;101.354290
526;100.860380
527;101.234401
528;100.843686
529;100.058498
530;99.929449
531;99.158584
532;98.790955
533;98.200563
534;97.271255
535;97.586541
536;96.906168
537;96.082102
538;95.960691
539;95.811769
540;95.080358
541;94.627327
542;94.407543
543;94.010114
544;93.083177
545;92.839852
546;91.390470
547;92.279293
548;91.855796
549;91.624813
550;90.593178
551;90.394148
552;90.524449
553;90.014896
554;89.499616
555;88.606888
556;88.626590
557;88.422957
558;87.650944
559;87.259224
560;86.808340
561;86.725452
562;86.004571
563;85.910224
564;85.158811
565;84.884471
566;84.349147
567;83.758854
568;84.194386
569;83.257670
570;83.057821
571;82.868153
572;82.638389
573;82.054630
574;81.725258
575;81.244044
576;81.116895
577;80.702806
578;80.060080
579;79.986702
580;79.256966
581;79.078342
582;78.796761
583;77.717147
584;78.100012
585;77.596326
586;77.262279
587;76.854243
588;75.546445
589;76.869882
590;76.252294
591;75.997113
592;75.393144
593;75.128531
594;73.912050
595;74.375502
596;74.073151
597;73.105942
598;73.429831
599;72.585455
600;72.646747
601;72.188029
602;71.561170
603;71.659556
604;71.530117
605;71.128992
606;70.827162
607;70.426358
608;70.242603
609;69.908158
610;69.359445
611;68.108559
612;69.065719
613;68.687888
614;67.888642
615;67.676107
616;67.643581
617;67.438053
618;66.927031
619;66.711753
620;66.500251
621;65.841982
622;65.882232
623;65.713815
624;65.365537
625;65.077918
626;64.643152
627;64.247200
628;64.142326
629;62.907780
630;62.658330
631;63.024812
632;62.840004
633;62.699279
634;62.031261
635;61.650687
636;61.493900
637;61.677882
638;61.307391
639;60.774887
640;60.641873
641;60.545693
642;59.818481
643;60.037790
644;59.690434
645;59.450558
646;58.690479
647;58.992647
648;57.652741
649;58.184679
650;58.113567
651;57.264722
652;57.374694
653;57.369937
654;57.077258
655;56.789986
656;56.467889
657;56.076083
658;56.016749
659;55.795435
660;55.399314
661;55.135050
662;54.388494
663;54.732192
664;54.509777
665;54.381271
666;54.059726
667;53.616676
668;53.477425
669;53.052504
670;52.488876
671;52.745964
672;52.122769
673;52.444655
674;52.154022
675;51.913453
676;51.539630
677;51.366510
678;50.615123
679;51.091522
680;50.633452
681;50.614336
682;50.311536
683;50.095769
684;49.765754
685;49.531030
686;49.233258
687;49.206042
688;48.398273
689;48.743928
690;48.443762
691;48.098425
692;47.518115
693;47.864243
694;47.610037
695;47.056593
696;46.906550
697;47.236041
698;46.913745
699;46.557240
700;46.189226
701;46.168188
702;45.955862
703;45.626896
704;45.505004
705;45.233721
706;45.073394
707;44.838303
708;44.603468
709;44.420173
710;44.357816
711;44.052408
712;43.889478
713;43.775342
714;43.595316
715;43.422267
716;42.650835
717;42.636872
718;42.538150
719;42.637214
720;42.351975
721;42.116345
722;41.911403
723;41.723457
724;41.672973
725;41.482124
726;41.294353
727;41.017636
728;40.791107
729;40.613483
730;40.385132
731;40.307651
732;40.067813
733;39.991982
734;39.665982
735;39.638141
736;39.350909
737;39.215872
738;39.190091
739;38.912772
740;38.649946
741;38.547276
742;38.264754
743;38.128723
744;37.856326
745;37.945114
746;37.679019
747;37.126155
748;37.473947
749;37.180271
750;37.103260
751;36.900119
752;36.588421
753;36.572458
754;36.387685
755;35.787193
756;36.161837
757;35.921635
758;35.657118
759;35.441576
760;35.320145
761;35.145801
762;34.780502
763;34.855260
764;34.636665
765;34.515855
766;34.439408
767;34.384174
768;34.251651
769;34.009917
770;33.724188
771;33.668814
772;33.248257
773;33.429607
774;33.213328
775;33.114620
776;32.990899
777;32.214027
778;32.752497
779;32.129486
780;32.467397
781;32.309848
782;32.037048
783;31.719302
784;31.694772
785;31.641964
786;31.527868
787;31.263695
788;31.219160
789;30.957418
790;30.462701
791;30.754066
792;30.581956
793;30.612768
794;30.398754
795;30.160916
796;30.092249
797;30.048219
798;29.606977
799;29.620194
800;29.536778
801;29.395550
802;29.257863
803;29.179537
804;29.088614
805;28.931929
806;28.771318
807;28.553214
808;28.552308
809;28.304745
810;28.042321
811;28.190093
812;28.022401
813;27.881223
814;27.688319
815;27.592073
816;27.342099
817;27.334530
818;27.274735
819;27.124483
820;26.920580
821;27.032221
822;26.817178
823;26.447990
824;26.566560
825;26.365585
826;26.114422
827;26.023870
828;26.109809
829;25.908242
830;25.795747
831;25.786845
832;25.577463
833;25.458184
834;25.217626
835;25.285201
836;25.123533
837;24.762620
838;24.976630
839;24.647150
840;24.608311
841;24.674437
842;24.404858
843;24.363526
844;24.139715
845;24.120869
846;23.727719
847;23.575493
848;23.727251
849;23.620105
850;23.644806
851;23.402579
852;23.146734
853;23.281256
854;23.147301
855;23.119376
856;23.013603
857;22.907122
858;22.793626
859;22.548998
860;22.598906
861;22.507981
862;22.416957
863;22.219164
864;21.987358
865;22.071352
866;22.003213
867;21.723284
868;21.785660
869;21.459120
870;21.625108
871;21.590486
872;21.342000
873;21.288088
874;21.094475
875;21.101354
876;21.035501
877;20.864002
878;20.870644
879;20.576119
880;20.661109
881;20.545545
882;20.436722
883;20.293590
884;20.047430
885;20.078639
886;20.091934
887;19.990969
888;19.787892
889;19.851133
890;19.763530
891;19.634462
892;19.515288
893;19.178534
894;19.419958
895;19.237111
896;19.197144
897;19.141932
898;18.991608
899;18.974238
900;18.879081
901;18.725540
902;18.706590
903;18.585772
904;18.394793
905;18.443277
906;18.209071
907;18.303572
908;18.134345
909;18.154878
910;17.985887
911;17.846957
912;17.658859
913;17.750949
914;17.459867
915;17.704942
916;17.570062
917;17.287727
918;17.456358
919;17.263051
920;17.258743
921;17.201194
922;17.009699
923;16.968942
924;16.907624
925;16.883321
926;16.515034
927;16.756899
928;16.536666
929;16.483667
930;16.396434
931;16.364962
932;16.302109
933;16.306509
934;16.109076
935;16.071563
936;16.046753
937;15.919417
938;15.846711
939;15.712797
940;15.769035
941;15.644878
942;15.643589
943;15.524671
944;15.425012
945;15.393925
946;15.346356
947;15.290306
948;15.196107
949;15.056114
950;15.014063
951;14.993823
952;14.954891
953;14.799648
954;14.731110
955;14.752300
956;14.665613
957;14.337450
958;14.592739
959;14.501549
960;14.420886
961;14.356312
962;14.274694
963;14.129382
964;14.103350
965;14.083830
966;14.021874
967;13.934286
968;13.904050
969;13.770477
970;13.778872
971;13.677995
972;13.646666
973;13.618973
974;13.428618
975;13.474430
976;13.342593
977;13.362011
978;13.241384
979;13.248226
980;13.097795
981;13.112148
982;13.051022
983;12.960498
984;12.930500
985;12.747679
986;12.602535
987;12.732837
988;12.694840
989;12.533232
990;12.571074
991;12.444383
992;12.492579
993;12.380287
994;12.325577
995;12.280350
996;12.251860
997;12.200115
998;12.066721
999;12.096877
1000;12.028723
1001;11.935277
1002;11.747798
1003;11.867507
1004;11.773632
1005;11.734869
1006;11.708323
1007;11.668456
1008;11.596980
1009;11.543891
1010;11.476753
1011;11.463898
1012;11.234681
1013;11.327576
1014;11.308390
1015;11.271737
1016;11.124439
1017;10.949979
1018;11.112509
1019;11.055929
1020;10.984092
1021;10.912808
1022;10.887447
1023;10.830616
1024;10.797720
1025;10.634028
1026;10.697764
1027;10.635327
1028;10.613748
1029;10.497973
1030;10.513658
1031;10.429767
1032;10.414951
1033;10.311908
1034;10.311167
1035;10.172032
1036;10.237850
1037;10.133252
1038;10.121567
1039;10.088142
1040;10.057195
1041;9.981020
1042;9.943649
1043;9.908132
1044;9.824573
1045;9.755705
1046;9.789812
1047;9.689038
1048;9.681064
1049;9.637247
1050;9.611732
1051;9.567120
1052;9.536252
1053;9.445098
1054;9.383973
1055;9.394312
1056;9.333993
1057;9.313970
1058;9.242963
1059;9.221198
1060;9.180204
1061;9.104078
1062;9.064888
1063;9.042705
1064;8.993419
1065;8.992883
1066;8.951972
1067;8.878026
1068;8.820996
1069;8.825550
1070;8.792175
1071;8.738689
1072;8.655623
1073;8.659647
1074;8.619668
1075;8.487271
1076;8.481884
1077;8.521952
1078;8.422402
1079;8.409503
1080;8.325331
1081;8.361668
1082;8.325416
1083;8.280584
1084;8.212661
1085;8.187251
1086;8.185140
1087;8.133397
1088;8.080166
1089;8.063525
1090;7.942071
1091;7.997138
1092;7.913289
1093;7.891901
1094;7.873434
1095;7.858965
1096;7.742284
1097;7.794038
1098;7.729877
1099;7.717602
1100;7.667105
1101;7.621964
1102;7.608829
1103;7.572618
1104;7.474898
1105;7.489527
1106;7.475463
1107;7.383987
1108;7.405635
1109;7.371005
1110;7.320502
1111;7.307310
1112;7.276275
1113;7.234734
1114;7.192822
1115;7.075037
1116;7.158436
1117;7.094697
1118;7.056486
1119;7.027162
1120;7.003033
1121;6.946223
1122;6.921712
1123;6.914944
1124;6.873801
1125;6.863162
1126;6.824221
1127;6.776461
1128;6.760626
1129;6.705792
1130;6.687092
1131;6.672733
1132;6.650167
1133;6.621029
1134;6.580300
1135;6.483564
1136;6.486330
1137;6.501472
1138;6.428146
1139;6.365669
1140;6.334680
1141;6.380623
1142;6.341875
1143;6.318953
1144;6.251795
1145;6.277256
1146;6.203696
1147;6.213677
1148;6.123698
1149;6.155333
1150;6.114486
1151;6.101528
1152;6.044298
1153;5.983839
1154;6.005213
1155;5.994159
1156;5.966824
1157;5.935703
1158;5.916315
1159;5.865723
1160;5.853920
1161;5.797094
1162;5.806432
1163;5.732288
1164;5.727743
1165;5.700011
1166;5.717758
1167;5.637018
1168;5.612370
1169;5.637286
1170;5.517425
1171;5.491094
1172;5.529223
1173;5.536379
1174;5.495890
1175;5.462705
1176;5.433778
1177;5.399807
1178;5.402175
1179;5.350211
1180;5.338725
1181;5.319417
1182;5.288359
1183;5.272458
1184;5.234211
1185;5.229294
1186;5.177129
1187;5.150476
1188;5.171486
1189;5.126112
1190;5.107934
1191;5.068488
1192;5.044643
1193;5.044967
1194;4.992036
1195;4.983046
1196;4.966238
1197;4.956202
1198;4.933229
1199;4.914887
1200;4.895424
1201;4.875859
1202;4.836398
1203;4.797724
1204;4.819338
1205;4.780501
1206;4.771111
1207;4.728969
1208;4.712796
1209;4.699730
1210;4.683999
1211;4.625573
1212;4.607986
1213;4.609342
1214;4.590377
1215;4.571808
1216;4.503557
1217;4.498501
1218;4.452024
1219;4.487242
1220;4.488716
1221;4.436161
1222;4.394626
1223;4.411662
1224;4.393650
1225;4.369714
1226;4.308056
1227;4.282797
1228;4.314533
1229;4.299481
1230;4.250236
1231;4.238174
1232;4.235276
1233;4.212767
1234;4.159785
1235;4.178810
1236;4.151343
1237;4.119469
1238;4.122794
1239;4.110026
1240;4.086176
1241;4.067077
1242;4.050804
1243;4.034240
1244;4.013883
1245;4.002457
1246;3.942638
1247;3.962904
1248;3.952823
1249;3.922056
1250;3.886242
1251;3.896171
1252;3.877528
1253;3.851235
1254;3.840592
1255;3.825330
1256;3.796872
1257;3.790281
1258;3.737317
1259;3.747184
1260;3.730261
1261;3.716316
1262;3.688280
1263;3.670430
1264;3.671599
1265;3.652682
1266;3.636738
1267;3.620125
1268;3.606241
1269;3.567019
1270;3.538140
1271;3.544790
1272;3.480307
1273;3.526250
1274;3.513723
1275;3.484408
1276;3.467904
1277;3.442755
1278;3.447153
1279;3.418546
1280;3.407340
1281;3.396303
1282;3.388976
1283;3.374650
1284;3.347040
1285;3.337094
1286;3.297283
1287;3.298061
1288;3.289107
1289;3.250205
1290;3.262363
1291;3.251000
1292;3.237599
1293;3.212680
1294;3.210777
1295;3.185220
1296;3.181572
1297;3.153084
1298;3.141745
1299;3.105728
1300;3.126892
1301;3.102112
1302;3.079273
1303;3.077640
1304;3.065503
1305;3.042959
1306;3.035729
1307;3.019025
1308;3.007175
1309;2.976201
1310;2.978719
1311;2.955353
1312;2.939559
1313;2.951652
1314;2.927954
1315;2.898315
1316;2.901512
1317;2.889686
1318;2.878305
1319;2.867050
1320;2.845486
1321;2.817486
1322;2.825714
1323;2.816300
1324;2.805242
1325;2.779575
1326;2.762814
1327;2.763670
1328;2.750358
1329;2.734457
1330;2.730331
1331;2.693544
1332;2.698475
1333;2.671484
1334;2.681040
1335;2.667111
1336;2.640823
1337;2.640572
1338;2.626435
1339;2.618099
1340;2.595534
1341;2.578153
1342;2.565579
1343;2.569489
1344;2.564545
1345;2.540792
1346;2.541015
1347;2.522625
1348;2.514324
1349;2.505492
1350;2.474221
1351;2.478072
1352;2.459270
1353;2.459432
1354;2.447031
1355;2.433770
1356;2.404465
1357;2.404635
1358;2.395030
1359;2.396494
1360;2.385537
1361;2.353933
1362;2.343010
1363;2.355709
1364;2.346801
1365;2.331960
1366;2.317748
1367;2.311811
1368;2.282045
1369;2.291292
1370;2.270878
1371;2.273087
1372;2.260547
1373;2.241829
1374;2.214385
1375;2.224749
1376;2.218014
1377;2.207385
1378;2.192454
1379;2.177860
1380;2.178582
1381;2.143965
1382;2.159148
1383;2.152280
1384;2.104683
1385;2.125132
1386;2.118861
1387;2.112329
1388;2.101852
1389;2.084432
1390;2.081316
1391;2.051759
1392;2.066736
1393;2.037802
1394;2.037841
1395;2.036779
1396;2.020291
1397;2.017475
1398;2.001646
1399;1.975735
1400;1.975517
1401;1.979391
1402;1.972723
1403;1.959193
1404;1.953529
1405;1.944596
1406;1.931726
1407;1.929797
1408;1.915804
1409;1.905172
1410;1.903006
1411;1.888589
1412;1.878712
1413;1.872582
1414;1.860178
1415;1.863949
1416;1.838874
1417;1.833673
1418;1.833648
1419;1.822129
1420;1.811613
1421;1.788196
1422;1.800705
1423;1.795050
1424;1.761515
1425;1.783224
1426;1.755313
1427;1.761468
1428;1.760102
1429;1.749084
1430;1.741408
1431;1.715378
1432;1.696778
1433;1.712018
1434;1.708626
1435;1.702068
1436;1.677895
1437;1.667044
1438;1.674001
1439;1.667294
1440;1.655696
1441;1.647902
1442;1.654934
1443;1.640342
1444;1.626821
1445;1.612483
1446;1.623121
1447;1.616751
1448;1.608636
1449;1.592340
1450;1.592125
1451;1.585721
1452;1.570047
1453;1.570983
1454;1.557752
1455;1.552741
1456;1.525252
1457;1.531122
1458;1.518649
1459;1.525231
1460;1.509364
1461;1.517771
1462;1.498103
1463;1.499546
1464;1.488908
1465;1.460946
1466;1.481453
1467;1.462032
1468;1.461385
1469;1.458140
1470;1.454310
1471;1.436372
1472;1.443852
1473;1.434397
1474;1.431308
1475;1.421548
1476;1.408746
1477;1.406796
1478;1.405069
1479;1.393895
1480;1.390040
1481;1.379850
1482;1.375019
1483;1.364464
1484;1.364675
1485;1.353695
1486;1.336539
1487;1.343525
1488;1.333720
1489;1.336470
1490;1.318586
1491;1.320007
1492;1.316348
1493;1.311067
1494;1.304124
1495;1.297576
1496;1.290290
1497;1.286310
1498;1.279770
1499;1.273056
1500;1.269013
1501;1.264338
1502;1.258201
1503;1.250796
1504;1.242523
1505;1.242880
1506;1.232923
1507;1.224753
1508;1.220310
1509;1.214780
1510;1.205534
1511;1.207129
1512;1.199833
1513;1.195863
1514;1.190170
1515;1.183444
1516;1.179485
1517;1.174579
1518;1.170015
1519;1.164575
1520;1.145229
1521;1.154770
1522;1.149135
1523;1.139531
1524;1.129990
1525;1.138075
1526;1.130800
1527;1.122016
1528;1.118528
1529;1.115050
1530;1.104790
1531;1.093534
1532;1.099848
1533;1.086519
1534;1.085920
1535;1.072736
1536;1.077330
1537;1.069396
1538;1.070505
1539;1.063024
1540;1.060325
1541;1.054482
1542;1.050999
1543;1.046096
1544;1.039789
1545;1.036743
1546;1.026903
1547;1.026729
1548;1.021935
1549;1.014218
1550;1.014747
1551;1.009680
1552;1.001546
1553;1.000657
1554;0.993039
1555;0.982523
1556;0.980208
1557;0.984523
1558;0.969863
1559;0.973906
1560;0.965537
1561;0.962503
1562;0.947732
1563;0.950083
1564;0.951089
1565;0.945760
1566;0.944022
1567;0.933298
1568;0.936468
1569;0.927783
1570;0.926481
1571;0.922384
1572;0.916172
1573;0.913809
1574;0.907065
1575;0.903886
1576;0.889056
1577;0.892709
1578;0.894332
1579;0.890003
1580;0.881126
1581;0.880086
1582;0.878599
1583;0.871765
1584;0.870727
1585;0.864781
1586;0.855697
1587;0.858009
1588;0.848290
1589;0.849457
1590;0.846152
1591;0.840257
1592;0.839126
1593;0.831675
1594;0.830371
1595;0.827708
1596;0.825740
1597;0.820822
1598;0.816316
1599;0.813276
1600;0.804070
1601;0.801660
1602;0.802313
1603;0.797826
1604;0.789482
1605;0.790365
1606;0.781877
1607;0.783141
1608;0.777592
1609;0.777890
1610;0.769175
1611;0.770606
1612;0.761228
1613;0.762460
1614;0.755600
1615;0.758081
1616;0.752437
1617;0.749439
1618;0.747682
1619;0.740734
1620;0.740183
1621;0.734661
1622;0.730690
1623;0.725695
1624;0.723741
1625;0.723759
1626;0.719891
1627;0.711656
1628;0.709349
1629;0.711013
1630;0.707076
1631;0.703660
1632;0.701222
1633;0.697790
1634;0.694260
1635;0.691075
1636;0.688727
1637;0.686117
1638;0.682860
1639;0.679468
1640;0.675077
1641;0.672541
1642;0.665610
1643;0.662582
1644;0.661507
1645;0.658673
1646;0.654795
1647;0.657197
1648;0.652067
1649;0.646421
1650;0.639828
1651;0.639449
1652;0.638949
1653;0.637795
1654;0.634613
1655;0.631591
1656;0.624783
1657;0.624278
1658;0.624891
1659;0.616570
1660;0.618679
1661;0.610815
1662;0.612659
1663;0.609797
1664;0.602998
1665;0.603352
1666;0.599876
1667;0.598483
1668;0.596279
1669;0.592501
1670;0.590434
1671;0.584062
1672;0.585394
1673;0.579577
1674;0.579825
1675;0.575591
1676;0.575302
1677;0.570192
1678;0.566936
1679;0.566396
1680;0.565138
1681;0.562396
1682;0.559596
1683;0.547638
1684;0.554459
1685;0.551620
1686;0.545784
1687;0.544265
1688;0.540288
1689;0.538074
1690;0.540429
1691;0.537133
1692;0.533742
1693;0.532305
1694;0.530413
1695;0.526735
1696;0.524117
1697;0.522881
1698;0.519005
1699;0.513419
1700;0.518383
1701;0.512871
1702;0.508016
1703;0.510853
1704;0.503537
1705;0.505121
1706;0.504342
1707;0.494687
1708;0.499189
1709;0.496847
1710;0.486947
1711;0.489507
1712;0.486774
1713;0.485505
1714;0.483832
1715;0.480437
1716;0.477359
1717;0.471041
1718;0.477762
1719;0.473711
1720;0.470932
1721;0.468799
1722;0.468211
1723;0.465509
1724;0.463412
1725;0.461304
1726;0.454256
1727;0.457923
1728;0.455518
1729;0.448087
1730;0.450788
1731;0.448332
1732;0.446764
1733;0.442294
1734;0.444537
1735;0.441538
1736;0.439797
1737;0.436974
1738;0.429954
1739;0.433753
1740;0.431249
1741;0.429472
1742;0.424851
1743;0.418023
1744;0.423577
1745;0.419612
1746;0.415324
1747;0.412920
1748;0.414177
1749;0.412388
1750;0.411863
1751;0.407045
1752;0.405845
1753;0.406281
1754;0.402007
1755;0.400391
1756;0.399846
1757;0.399537
1758;0.394596
1759;0.396402
1760;0.389574
1761;0.391704
1762;0.391359
1763;0.387152
1764;0.387323
1765;0.384004
1766;0.383101
1767;0.380776
1768;0.380148
1769;0.374977
1770;0.377468
1771;0.375204
1772;0.372056
1773;0.371399
1774;0.368823
1775;0.368630
1776;0.365408
1777;0.365111
1778;0.362981
1779;0.360839
1780;0.359883
1781;0.358535
1782;0.355038
1783;0.355213
1784;0.353294
1785;0.350930
1786;0.350112
1787;0.348839
1788;0.347551
1789;0.346128
1790;0.344558
1791;0.341857
1792;0.339905
1793;0.339255
1794;0.337954
1795;0.336286
1796;0.334677
1797;0.333741
1798;0.332116
1799;0.330709
1800;0.329106
1801;0.326989
1802;0.325221
1803;0.324173
1804;0.323131
1805;0.321493
1806;0.319738
1807;0.319197
1808;0.316696
1809;0.312763
1810;0.313543
1811;0.313441
1812;0.310060
1813;0.307925
1814;0.308749
1815;0.304693
1816;0.302444
1817;0.302935
1818;0.303788
1819;0.301012
1820;0.297099
1821;0.300649
1822;0.297150
1823;0.296848
1824;0.295716
1825;0.294632
1826;0.292885
1827;0.288813
1828;0.290331
1829;0.287105
1830;0.288640
1831;0.286760
1832;0.285017
1833;0.283652
1834;0.281725
1835;0.279989
1836;0.279661
1837;0.278317
1838;0.277156
1839;0.273905
1840;0.275245
1841;0.268808
1842;0.273044
1843;0.271086
1844;0.270606
1845;0.269241
1846;0.266063
1847;0.266468
1848;0.265674
1849;0.263711
1850;0.260106
1851;0.260466
1852;0.259926
1853;0.258984
1854;0.257770
1855;0.256987
1856;0.255272
1857;0.254850
1858;0.253720
1859;0.252046
1860;0.251016
1861;0.248607
1862;0.249341
1863;0.246854
1864;0.246859
1865;0.242102
1866;0.244107
1867;0.242848
1868;0.241915
1869;0.240215
1870;0.240207
1871;0.239284
1872;0.237874
1873;0.236247
1874;0.233531
1875;0.235429
1876;0.232929
1877;0.230902
1878;0.231037
1879;0.231061
1880;0.229576
1881;0.228198
1882;0.227595
1883;0.226076
1884;0.225487
1885;0.224056
1886;0.223491
1887;0.222901
1888;0.220221
1889;0.220422
1890;0.219156
1891;0.218580
1892;0.216962
1893;0.214176
1894;0.214997
1895;0.212778
1896;0.213827
1897;0.211779
1898;0.211683
1899;0.210810
1900;0.209366
1901;0.207285
1902;0.207802
1903;0.205519
1904;0.205700
1905;0.205453
1906;0.202960
1907;0.203443
1908;0.201888
1909;0.201541
1910;0.200089
1911;0.199512
1912;0.198444
1913;0.197861
1914;0.196301
1915;0.196125
1916;0.195125
1917;0.193936
1918;0.192403
1919;0.191957
1920;0.190124
1921;0.191241
1922;0.189824
1923;0.188748
1924;0.187330
1925;0.187119
1926;0.186408
1927;0.186042
1928;0.184652
1929;0.181837
1930;0.183421
1931;0.182608
1932;0.181930
1933;0.180827
1934;0.179222
1935;0.178624
1936;0.177943
1937;0.177967
1938;0.177008
1939;0.175657
1940;0.174595
1941;0.174438
1942;0.174017
1943;0.173040
1944;0.172200
1945;0.170995
1946;0.168225
1947;0.170039
1948;0.168611
1949;0.168036
1950;0.166151
1951;0.166853
1952;0.165912
1953;0.165186
1954;0.164732
1955;0.163642
1956;0.162535
1957;0.162100
1958;0.161610
1959;0.159124
1960;0.160448
1961;0.159655
1962;0.156976
1963;0.158517
1964;0.157494
1965;0.156069
1966;0.153833
1967;0.155215
1968;0.154171
1969;0.153467
1970;0.153207
1971;0.152603
1972;0.151719
1973;0.151067
1974;0.150370
1975;0.149851
1976;0.148840
1977;0.147729
1978;0.145731
1979;0.147303
1980;0.146405
1981;0.144361
1982;0.144661
1983;0.143199
1984;0.143311
1985;0.143264
1986;0.141262
1987;0.142095
1988;0.140929
1989;0.140424
1990;0.140031
1991;0.139301
1992;0.138394
1993;0.137924
1994;0.137272
1995;0.135145
1996;0.136548
1997;0.135826
1998;0.134083
1999;0.134341
2000;0.133940
2001;0.132499
2002;0.132695
2003;0.131641
2004;0.131453
2005;0.131008
2006;0.130348
2007;0.129441
2008;0.129217
2009;0.128151
2010;0.127589
2011;0.127433
2012;0.126728
2013;0.126263
2014;0.125505
2015;0.125109
2016;0.124362
2017;0.123153
2018;0.123134
2019;0.122976
2020;0.122000
2021;0.121816
2022;0.120760
2023;0.120828
2024;0.120090
2025;0.118489
2026;0.117280
2027;0.118983
2028;0.117874
2029;0.116771
2030;0.115767
2031;0.116181
2032;0.115440
2033;0.115636
2034;0.114528
2035;0.113982
2036;0.113748
2037;0.112816
2038;0.112556
2039;0.112385
2040;0.109751
2041;0.110898
2042;0.110590
2043;0.110357
2044;0.109251
2045;0.108711
2046;0.108589
2047;0.108218
2048;0.107778
2049;0.107441
2050;0.106922
2051;0.106287
2052;0.105646
2053;0.105160
2054;0.104768
2055;0.104440
2056;0.103987
2057;0.102617
2058;0.103136
2059;0.101708
2060;0.102291
2061;0.100937
2062;0.101227
2063;0.100826
2064;0.099568
2065;0.099346
2066;0.099418
2067;0.098840
2068;0.097750
2069;0.098254
2070;0.097218
2071;0.096542
2072;0.096897
2073;0.096195
2074;0.096077
2075;0.095384
2076;0.095175
2077;0.093740
2078;0.094035
2079;0.093770
2080;0.093304
2081;0.092127
2082;0.092383
2083;0.091559
2084;0.091328
2085;0.090605
2086;0.090489
2087;0.090513
2088;0.089721
2089;0.089813
2090;0.089247
2091;0.088723
2092;0.088222
2093;0.088175
2094;0.087024
2095;0.086890
2096;0.086520
2097;0.086398
2098;0.086136
2099;0.086099
2100;0.084666
2101;0.085239
2102;0.084891
2103;0.083698
2104;0.083629
2105;0.083515
2106;0.082958
2107;0.082785
2108;0.082393
2109;0.081970
2110;0.080660
2111;0.080476
2112;0.080705
2113;0.080456
2114;0.080113
2115;0.079611
2116;0.079445
2117;0.079128
2118;0.078177
2119;0.077995
2120;0.077780
2121;0.077782
2122;0.077001
2123;0.076918
2124;0.076597
2125;0.075995
2126;0.075852
2127;0.075383
2128;0.074981
2129;0.074719
2130;0.074292
2131;0.073874
2132;0.073645
2133;0.073424
2134;0.073274
2135;0.072550
2136;0.072508
2137;0.071946
2138;0.071854
2139;0.071131
2140;0.071380
2141;0.070936
2142;0.070661
2143;0.070239
2144;0.070079
2145;0.069401
2146;0.068591
2147;0.068963
2148;0.068844
2149;0.068425
2150;0.068168
2151;0.067541
2152;0.067092
2153;0.067048
2154;0.066861
2155;0.066037
2156;0.066379
2157;0.065735
2158;0.065560
2159;0.065166
2160;0.064429
2161;0.064878
2162;0.064575
2163;0.064066
2164;0.064093
2165;0.063644
2166;0.063307
2167;0.062925
2168;0.062856
2169;0.062530
2170;0.062109
2171;0.061886
2172;0.061607
2173;0.061012
2174;0.061106
2175;0.060893
2176;0.060307
2177;0.060100
2178;0.060086
2179;0.059829
2180;0.059574
2181;0.059029
2182;0.058869
2183;0.058685
2184;0.058340
2185;0.057728
2186;0.057950
2187;0.057718
2188;0.057252
2189;0.057048
2190;0.057018
2191;0.056691
2192;0.056366
2193;0.056157
2194;0.055691
2195;0.055637
2196;0.055452
2197;0.055214
2198;0.054860
2199;0.054658
2200;0.054342
2201;0.054007
2202;0.053724
2203;0.053778
2204;0.053182
2205;0.053241
2206;0.052774
2207;0.052721
2208;0.051705
2209;0.052073
2210;0.051943
2211;0.051539
2212;0.051631
2213;0.051302
2214;0.050639
2215;0.050603
2216;0.050703
2217;0.050293
2218;0.050174
2219;0.049913
2220;0.049776
2221;0.049572
2222;0.048891
2223;0.049008
2224;0.048775
2225;0.048593
2226;0.048357
2227;0.047920
2228;0.047834
2229;0.047605
2230;0.047520
2231;0.047355
2232;0.047094
2233;0.046961
2234;0.046639
2235;0.046129
2236;0.046335
2237;0.045760
2238;0.045796
2239;0.045447
2240;0.045249
2241;0.045303
2242;0.045011
2243;0.044367
2244;0.044437
2245;0.044277
2246;0.044042
2247;0.043734
2248;0.043858
2249;0.043455
2250;0.043426
2251;0.043042
2252;0.043021
2253;0.042856
2254;0.042679
2255;0.042218
2256;0.042178
2257;0.042109
2258;0.041508
2259;0.041777
2260;0.041406
2261;0.041434
2262;0.041011
2263;0.041051
2264;0.040819
2265;0.040467
2266;0.040274
2267;0.040196
2268;0.039826
2269;0.039822
2270;0.039218
2271;0.039646
2272;0.039303
2273;0.039073
2274;0.038633
2275;0.038428
2276;0.038741
2277;0.038493
2278;0.038348
2279;0.038155
2280;0.037587
2281;0.037634
2282;0.037594
2283;0.037464
2284;0.037251
2285;0.036968
2286;0.036994
2287;0.036840
2288;0.036603
2289;0.036428
2290;0.036233
2291;0.035597
2292;0.036090
2293;0.035475
2294;0.035818
2295;0.035570
2296;0.035208
2297;0.035165
2298;0.034970
2299;0.034853
2300;0.034620
2301;0.034526
2302;0.034278
2303;0.034290
2304;0.034098
2305;0.033875
2306;0.033670
2307;0.033640
2308;0.033492
2309;0.033058
2310;0.033050
2311;0.033026
2312;0.032856
2313;0.032542
2314;0.032626
2315;0.032407
2316;0.032234
2317;0.032121
2318;0.032012
2319;0.031581
2320;0.031701
2321;0.031479
2322;0.031094
2323;0.031319
2324;0.031117
2325;0.030965
2326;0.030547
2327;0.030780
2328;0.030657
2329;0.030485
2330;0.030215
2331;0.030156
2332;0.029955
2333;0.029938
2334;0.029746
2335;0.029600
2336;0.029480
2337;0.028872
2338;0.029008
2339;0.029223
2340;0.028974
2341;0.028772
2342;0.028674
2343;0.028597
2344;0.028350
2345;0.027969
2346;0.028120
2347;0.028201
2348;0.027849
2349;0.027874
2350;0.027707
2351;0.027388
2352;0.027463
2353;0.027227
2354;0.027246
2355;0.027016
2356;0.026770
2357;0.026692
2358;0.026614
2359;0.026612
2360;0.026456
2361;0.026385
2362;0.026124
2363;0.026032
2364;0.026034
2365;0.025865
2366;0.025666
2367;0.025670
2368;0.025534
2369;0.025390
2370;0.025109
2371;0.025233
2372;0.024784
2373;0.024806
2374;0.024888
2375;0.024762
2376;0.024632
2377;0.024433
2378;0.024441
2379;0.024186
2380;0.023867
2381;0.024130
2382;0.023954
2383;0.023912
2384;0.023784
2385;0.023648
2386;0.023571
2387;0.023453
2388;0.023319
2389;0.023222
2390;0.023069
2391;0.023068
2392;0.022891
2393;0.022798
2394;0.022706
2395;0.022529
2396;0.022536
2397;0.022325
2398;0.022338
2399;0.022101
2400;0.022118
2401;0.021987
2402;0.021845
2403;0.021814
2404;0.021490
2405;0.021665
2406;0.021548
2407;0.021459
2408;0.021306
2409;0.021231
2410;0.021175
2411;0.020894
2412;0.020848
2413;0.020919
2414;0.020696
2415;0.020480
2416;0.020700
2417;0.020557
2418;0.020167
2419;0.020330
2420;0.020230
2421;0.019938
2422;0.019954
2423;0.019879
2424;0.019840
2425;0.019784
2426;0.019580
2427;0.019416
2428;0.019159
2429;0.019494
2430;0.019270
2431;0.019250
2432;0.019037
2433;0.019098
2434;0.018965
2435;0.018817
2436;0.018805
2437;0.018651
2438;0.018634
2439;0.018504
2440;0.018433
2441;0.018399
2442;0.018337
2443;0.018250
2444;0.018145
2445;0.018064
2446;0.017859
2447;0.017905
2448;0.017886
2449;0.017759
2450;0.017633
2451;0.017592
2452;0.017208
2453;0.017436
2454;0.017351
2455;0.017254
2456;0.017198
2457;0.017068
2458;0.017026
2459;0.016989
2460;0.016842
2461;0.016809
2462;0.016545
2463;0.016573
2464;0.016560
2465;0.016440
2466;0.016446
2467;0.016348
2468;0.016191
2469;0.016169
2470;0.016084
2471;0.016093
2472;0.015933
2473;0.015830
2474;0.015844
2475;0.015784
2476;0.015686
2477;0.015660
2478;0.015510
2479;0.015537
2480;0.015417
2481;0.015383
2482;0.015252
2483;0.015245
2484;0.015089
2485;0.015112
2486;0.015021
2487;0.014909
2488;0.014782
2489;0.014814
2490;0.014705
2491;0.014509
2492;0.014667
2493;0.014496
2494;0.014422
2495;0.014421
2496;0.014351
2497;0.014320
2498;0.014255
2499;0.014049
2500;0.014105
2501;0.013977
2502;0.013966
2503;0.013865
2504;0.013850
2505;0.013759
2506;0.013468
2507;0.013535
2508;0.013539
2509;0.013532
2510;0.013484
2511;0.013412
2512;0.013359
2513;0.013330
2514;0.013242
2515;0.013173
2516;0.013122
2517;0.013070
2518;0.013003
2519;0.012961
2520;0.012771
2521;0.012861
2522;0.012698
2523;0.012622
2524;0.012578
2525;0.012587
2526;0.012545
2527;0.012488
2528;0.012429
2529;0.012247
2530;0.012312
2531;0.012300
2532;0.012196
2533;0.012165
2534;0.012078
2535;0.012020
2536;0.012008
2537;0.011923
2538;0.011876
2539;0.011813
2540;0.011789
2541;0.011721
2542;0.011552
2543;0.011641
2544;0.011544
2545;0.011527
2546;0.011449
2547;0.011408
2548;0.011339
2549;0.011341
2550;0.011234
2551;0.011149
2552;0.011130
2553;0.011099
2554;0.011088
2555;0.011005
2556;0.010987
2557;0.010929
2558;0.010873
2559;0.010802
2560;0.010756
2561;0.010717
2562;0.010665
2563;0.010617
2564;0.010581
2565;0.010502
2566;0.010360
2567;0.010444
2568;0.010415
2569;0.010310
2570;0.010260
2571;0.010235
2572;0.010174
2573;0.010121
2574;0.010077
2575;0.010058
2576;0.009987
2577;0.009937
2578;0.009933
2579;0.009888
2580;0.009833
2581;0.009805
2582;0.009647
2583;0.009695
2584;0.009661
2585;0.009602
2586;0.009573
2587;0.009505
2588;0.009445
2589;0.009451
2590;0.009347
2591;0.009306
2592;0.009308
2593;0.009272
2594;0.009204
2595;0.009162
2596;0.009175
2597;0.009122
2598;0.009062
2599;0.009016
2600;0.008998
2601;0.008965
2602;0.008789
2603;0.008750
2604;0.008828
2605;0.008767
2606;0.008758
2607;0.008635
2608;0.008681
2609;0.008619
2610;0.008610
2611;0.008553
2612;0.008503
2613;0.008481
2614;0.008436
2615;0.008411
2616;0.008355
2617;0.008311
2618;0.008306
2619;0.008257
2620;0.008217
2621;0.008187
2622;0.008070
2623;0.008121
2624;0.008029
2625;0.008035
2626;0.008007
2627;0.007949
2628;0.007911
2629;0.007896
2630;0.007817
2631;0.007727
2632;0.007689
2633;0.007739
2634;0.007726
2635;0.007684
2636;0.007587
2637;0.007569
2638;0.007582
2639;0.007520
2640;0.007518
2641;0.007376
2642;0.007432
2643;0.007435
2644;0.007364
2645;0.007318
2646;0.007328
2647;0.007292
2648;0.007237
2649;0.007224
2650;0.007136
2651;0.007151
2652;0.007051
2653;0.007087
2654;0.007032
2655;0.006955
2656;0.007005
2657;0.006939
2658;0.006898
2659;0.006887
2660;0.006871
2661;0.006826
2662;0.006712
2663;0.006796
2664;0.006745
2665;0.006613
2666;0.006673
2667;0.006656
2668;0.006634
2669;0.006499
2670;0.006479
2671;0.006513
2672;0.006525
2673;0.006478
2674;0.006381
2675;0.006440
2676;0.006346
2677;0.006375
2678;0.006344
2679;0.006291
2680;0.006264
2681;0.006234
2682;0.006209
2683;0.006170
2684;0.006123
2685;0.006060
2686;0.006127
2687;0.006070
2688;0.006048
2689;0.006041
2690;0.005932
2691;0.005968
2692;0.005952
2693;0.005899
2694;0.005813
2695;0.005858
2696;0.005841
2697;0.005754
2698;0.005735
2699;0.005751
2700;0.005687
2701;0.005708
2702;0.005629
2703;0.005682
2704;0.005645
2705;0.005603
2706;0.005573
2707;0.005560
2708;0.005537
2709;0.005516
2710;0.005438
2711;0.005441
2712;0.005445
2713;0.005393
2714;0.005395
2715;0.005324
2716;0.005323
2717;0.005331
2718;0.005257
2719;0.005254
2720;0.005217
2721;0.005219
2722;0.005153
2723;0.005162
2724;0.005123
2725;0.005090
2726;0.005081
2727;0.005091
2728;0.005075
2729;0.005012
2730;0.005016
2731;0.004961
2732;0.004963
2733;0.004949
2734;0.004925
2735;0.004868
2736;0.004890
2737;0.004849
2738;0.004802
2739;0.004814
2740;0.004770
2741;0.004779
2742;0.004760
2743;0.004711
2744;0.004721
2745;0.004676
2746;0.004668
2747;0.004640
2748;0.004623
2749;0.004568
2750;0.004581
2751;0.004500
2752;0.004552
2753;0.004506
2754;0.004499
2755;0.004483
2756;0.004460
2757;0.004437
2758;0.004412
2759;0.004397
2760;0.004370
2761;0.004354
2762;0.004296
2763;0.004323
2764;0.004264
2765;0.004233
2766;0.004237
2767;0.004241
2768;0.004226
2769;0.004162
2770;0.004177
2771;0.004156
2772;0.004144
2773;0.004137
2774;0.004106
2775;0.004075
2776;0.004070
2777;0.004026
2778;0.004037
2779;0.004016
2780;0.004011
2781;0.003952
2782;0.003975
2783;0.003952
2784;0.003908
2785;0.003895
2786;0.003897
2787;0.003879
2788;0.003836
2789;0.003821
2790;0.003828
2791;0.003767
2792;0.003795
2793;0.003761
2794;0.003749
2795;0.003733
2796;0.003725
2797;0.003703
2798;0.003687
2799;0.003669
2800;0.003645
2801;0.003619
2802;0.003568
2803;0.003603
2804;0.003585
2805;0.003563
2806;0.003568
2807;0.003545
2808;0.003521
2809;0.003494
2810;0.003490
2811;0.003481
2812;0.003433
2813;0.003446
2814;0.003412
2815;0.003379
2816;0.003374
2817;0.003401
2818;0.003380
2819;0.003353
2820;0.003345
2821;0.003329
2822;0.003312
2823;0.003302
2824;0.003287
2825;0.003257
2826;0.003214
2827;0.003235
2828;0.003231
2829;0.003182
2830;0.003184
2831;0.003195
2832;0.003169
2833;0.003152
2834;0.003141
2835;0.003121
2836;0.003113
2837;0.003094
2838;0.003082
2839;0.003041
2840;0.003060
2841;0.003046
2842;0.003033
2843;0.003018
2844;0.003000
2845;0.002993
2846;0.002970
2847;0.002951
2848;0.002951
2849;0.002932
2850;0.002919
2851;0.002908
2852;0.002896
2853;0.002863
2854;0.002865
2855;0.002839
2856;0.002832
2857;0.002823
2858;0.002824
2859;0.002809
2860;0.002790
2861;0.002766
2862;0.002770
2863;0.002730
2864;0.002745
2865;0.002730
2866;0.002724
2867;0.002699
2868;0.002696
2869;0.002678
2870;0.002674
2871;0.002653
2872;0.002650
2873;0.002626
2874;0.002592
2875;0.002617
2876;0.002585
2877;0.002563
2878;0.002579
2879;0.002566
2880;0.002539
2881;0.002526
2882;0.002535
2883;0.002507
2884;0.002516
2885;0.002498
2886;0.002487
2887;0.002474
2888;0.002448
2889;0.002437
2890;0.002449
2891;0.002413
2892;0.002413
2893;0.002409
2894;0.002381
2895;0.002384
2896;0.002365
2897;0.002331
2898;0.002336
2899;0.002338
2900;0.002344
2901;0.002325
2902;0.002305
2903;0.002291
2904;0.002294
2905;0.002283
2906;0.002252
2907;0.002262
2908;0.002246
2909;0.002235
2910;0.002236
2911;0.002212
2912;0.002211
2913;0.002184
2914;0.002202
2915;0.002168
2916;0.002177
2917;0.002163
2918;0.002154
2919;0.002145
2920;0.002132
2921;0.002122
2922;0.002108
2923;0.002103
2924;0.002073
2925;0.002089
2926;0.002074
2927;0.002066
2928;0.002042
2929;0.002052
2930;0.002041
2931;0.002026
2932;0.002018
2933;0.002011
2934;0.002001
2935;0.001989
2936;0.001984
2937;0.001961
2938;0.001968
2939;0.001953
2940;0.001944
2941;0.001942
2942;0.001933
2943;0.001894
2944;0.001911
2945;0.001909
2946;0.001898
2947;0.001888
2948;0.001881
2949;0.001870
2950;0.001857
2951;0.001841
2952;0.001840
2953;0.001836
2954;0.001833
2955;0.001820
2956;0.001793
2957;0.001796
2958;0.001792
2959;0.001785
2960;0.001777
2961;0.001749
2962;0.001770
2963;0.001747
2964;0.001753
2965;0.001743
2966;0.001724
2967;0.001726
2968;0.001716
2969;0.001704
2970;0.001705
2971;0.001689
2972;0.001687
2973;0.001681
2974;0.001672
2975;0.001662
2976;0.001659
2977;0.001650
2978;0.001642
2979;0.001637
2980;0.001628
2981;0.001617
2982;0.001615
2983;0.001601
2984;0.001600
2985;0.001587
2986;0.001583
2987;0.001575
2988;0.001568
2989;0.001545
2990;0.001558
2991;0.001529
2992;0.001530
2993;0.001517
2994;0.001530
2995;0.001522
2996;0.001512
2997;0.001503
2998;0.001505
2999;0.001495
3000;0.001485
3001;0.001478
3002;0.001475
3003;0.001459
3004;0.001453
3005;0.001426
3006;0.001436
3007;0.001442
3008;0.001436
3009;0.001428
3010;0.001420
3011;0.001414
3012;0.001401
3013;0.001399
3014;0.001399
3015;0.001386
3016;0.001383
3017;0.001368
3018;0.001370
3019;0.001365
3020;0.001341
3021;0.001350
3022;0.001349
3023;0.001337
3024;0.001340
3025;0.001324
3026;0.001324
3027;0.001307
3028;0.001315
3029;0.001303
3030;0.001290
3031;0.001299
3032;0.001283
3033;0.001270
3034;0.001272
3035;0.001273
3036;0.001267
3037;0.001259
3038;0.001251
3039;0.001249
3040;0.001241
3041;0.001238
3042;0.001231
3043;0.001226
3044;0.001220
3045;0.001217
3046;0.001209
3047;0.001205
3048;0.001199
3049;0.001194
3050;0.001186
3051;0.001183
3052;0.001161
3053;0.001176
3054;0.001168
3055;0.001154
3056;0.001155
3057;0.001153
3058;0.001142
3059;0.001138
3060;0.001133
3061;0.001130
3062;0.001126
3063;0.001120
3064;0.001101
3065;0.001109
3066;0.001109
3067;0.001097
3068;0.001099
3069;0.001080
3070;0.001085
3071;0.001082
3072;0.001077
3073;0.001072
3074;0.001062
3075;0.001061
3076;0.001058
3077;0.001053
3078;0.001040
3079;0.001043
3080;0.001038
3081;0.001026
3082;0.001015
3083;0.001024
3084;0.001012
3085;0.001002
3086;0.001012
3087;0.000998
3088;0.000999
3089;0.000998
3090;0.000992
3091;0.000983
3092;0.000984
3093;0.000980
3094;0.000976
3095;0.000962
3096;0.000964
3097;0.000961
3098;0.000952
3099;0.000952
3100;0.000947
3101;0.000941
3102;0.000938
3103;0.000937
3104;0.000921
3105;0.000929
3106;0.000924
3107;0.000919
3108;0.000909
3109;0.000911
3110;0.000902
3111;0.000903
3112;0.000887
3113;0.000895
3114;0.000886
3115;0.000889
3116;0.000882
3117;0.000876
3118;0.000874
3119;0.000870
3120;0.000850
3121;0.000857
3122;0.000858
3123;0.000856
3124;0.000853
3125;0.000846
3126;0.000845
3127;0.000835
3128;0.000834
3129;0.000828
3130;0.000827
3131;0.000823
3132;0.000815
3133;0.000818
3134;0.000815
3135;0.000812
3136;0.000808
3137;0.000798
3138;0.000800
3139;0.000797
3140;0.000790
3141;0.000789
3142;0.000786
3143;0.000772
3144;0.000776
3145;0.000776
3146;0.000770
3147;0.000767
3148;0.000759
3149;0.000761
3150;0.000756
3151;0.000750
3152;0.000751
3153;0.000746
3154;0.000742
3155;0.000742
3156;0.000738
3157;0.000731
3158;0.000730
3159;0.000725
3160;0.000725
3161;0.000722
3162;0.000718
3163;0.000714
3164;0.000712
3165;0.000701
3166;0.000705
3167;0.000702
3168;0.000699
3169;0.000697
3170;0.000693
3171;0.000685
3172;0.000687
3173;0.000677
3174;0.000678
3175;0.000679
3176;0.000676
3177;0.000672
3178;0.000669
3179;0.000661
3180;0.000664
3181;0.000657
3182;0.000656
3183;0.000651
3184;0.000647
3185;0.000647
3186;0.000646
3187;0.000640
3188;0.000639
3189;0.000634
3190;0.000633
3191;0.000626
3192;0.000626
3193;0.000625
3194;0.000621
3195;0.000618
3196;0.000615
3197;0.000612
3198;0.000610
3199;0.000607
3200;0.000605
3201;0.000601
3202;0.000591
3203;0.000597
3204;0.000595
3205;0.000585
3206;0.000588
3207;0.000575
3208;0.000585
3209;0.000581
3210;0.000578
3211;0.000574
3212;0.000571
3213;0.000567
3214;0.000566
3215;0.000565
3216;0.000562
3217;0.000559
3218;0.000556
3219;0.000556
3220;0.000553
3221;0.000539
3222;0.000549
3223;0.000542
3224;0.000543
3225;0.000541
3226;0.000538
3227;0.000536
3228;0.000534
3229;0.000528
3230;0.000528
3231;0.000522
3232;0.000524
3233;0.000521
3234;0.000519
3235;0.000519
3236;0.000514
3237;0.000512
3238;0.000510
3239;0.000507
3240;0.000503
3241;0.000504
3242;0.000497
3243;0.000497
3244;0.000498
3245;0.000490
3246;0.000488
3247;0.000487
3248;0.000488
3249;0.000479
3250;0.000484
3251;0.000481
3252;0.000477
3253;0.000477
3254;0.000473
3255;0.000472
3256;0.000469
3257;0.000468
3258;0.000461
3259;0.000461
3260;0.000459
3261;0.000462
3262;0.000458
3263;0.000455
3264;0.000450
3265;0.000448
3266;0.000449
3267;0.000444
3268;0.000446
3269;0.000439
3270;0.000442
3271;0.000439
3272;0.000437
3273;0.000436
3274;0.000427
3275;0.000433
3276;0.000424
3277;0.000427
3278;0.000425
3279;0.000423
3280;0.000423
3281;0.000421
3282;0.000419
3283;0.000417
3284;0.000415
3285;0.000413
3286;0.000410
3287;0.000408
3288;0.000408
3289;0.000405
3290;0.000402
3291;0.000403
3292;0.000396
3293;0.000399
3294;0.000397
3295;0.000394
3296;0.000389
3297;0.000387
3298;0.000389
3299;0.000386
3300;0.000386
3301;0.000378
3302;0.000382
3303;0.000381
3304;0.000378
3305;0.000375
3306;0.000373
3307;0.000375
3308;0.000372
3309;0.000369
3310;0.000366
3311;0.000368
3312;0.000358
3313;0.000364
3314;0.000362
3315;0.000361
3316;0.000356
3317;0.000357
3318;0.000356
3319;0.000351
3320;0.000351
3321;0.000353
3322;0.000350
3323;0.000349
3324;0.000345
3325;0.000345
3326;0.000343
3327;0.000339
3328;0.000339
3329;0.000335
3330;0.000339
3331;0.000334
3332;0.000332
3333;0.000333
3334;0.000330
3335;0.000330
3336;0.000325
3337;0.000327
3338;0.000326
3339;0.000318
3340;0.000322
3341;0.000322
3342;0.000317
3343;0.000318
3344;0.000312
3345;0.000316
3346;0.000314
3347;0.000312
3348;0.000309
3349;0.000310
3350;0.000308
3351;0.000307
3352;0.000306
3353;0.000303
3354;0.000303
3355;0.000302
3356;0.000301
3357;0.000299
3358;0.000298
3359;0.000296
3360;0.000293
3361;0.000293
3362;0.000293
3363;0.000289
3364;0.000288
3365;0.000288
3366;0.000286
3367;0.000286
3368;0.000284
3369;0.000283
3370;0.000281
3371;0.000279
3372;0.000279
3373;0.000278
3374;0.000275
3375;0.000274
3376;0.000274
3377;0.000273
3378;0.000271
3379;0.000270
3380;0.000270
3381;0.000267
3382;0.000264
3383;0.000265
3384;0.000265
3385;0.000263
3386;0.000262
3387;0.000261
3388;0.000260
3389;0.000259
3390;0.000258
3391;0.000256
3392;0.000255
3393;0.000254
3394;0.000252
3395;0.000252
3396;0.000250
3397;0.000248
3398;0.000249
3399;0.000246
3400;0.000246
3401;0.000244
3402;0.000244
3403;0.000243
3404;0.000241
3405;0.000239
3406;0.000239
3407;0.000238
3408;0.000237
3409;0.000237
3410;0.000234
3411;0.000232
3412;0.000232
3413;0.000232
3414;0.000232
3415;0.000230
3416;0.000229
3417;0.000227
3418;0.000227
3419;0.000226
3420;0.000225
3421;0.000222
3422;0.000223
3423;0.000222
3424;0.000221
3425;0.000220
3426;0.000218
3427;0.000218
3428;0.000217
3429;0.000214
3430;0.000215
3431;0.000214
3432;0.000212
3433;0.000213
3434;0.000212
3435;0.000209
3436;0.000209
3437;0.000208
3438;0.000207
3439;0.000206
3440;0.000206
3441;0.000205
3442;0.000203
3443;0.000203
3444;0.000202
3445;0.000201
3446;0.000200
3447;0.000197
3448;0.000198
3449;0.000195
3450;0.000197
3451;0.000195
3452;0.000195
3453;0.000194
3454;0.000193
3455;0.000192
3456;0.000190
3457;0.000187
3458;0.000190
3459;0.000188
3460;0.000188
3461;0.000187
3462;0.000185
3463;0.000185
3464;0.000185
3465;0.000182
3466;0.000183
3467;0.000182
3468;0.000182
3469;0.000181
3470;0.000180
3471;0.000179
3472;0.000178
3473;0.000176
3474;0.000176
3475;0.000176
3476;0.000175
3477;0.000174
3478;0.000173
3479;0.000172
3480;0.000171
3481;0.000170
3482;0.000170
3483;0.000169
3484;0.000169
3485;0.000168
3486;0.000166
3487;0.000166
3488;0.000164
3489;0.000165
3490;0.000164
3491;0.000162
3492;0.000162
3493;0.000160
3494;0.000161
3495;0.000161
3496;0.000160
3497;0.000158
3498;0.000158
3499;0.000157
3500;0.000157
3501;0.000156
3502;0.000154
3503;0.000155
3504;0.000153
3505;0.000154
3506;0.000153
3507;0.000152
3508;0.000151
3509;0.000151
3510;0.000150
3511;0.000149
3512;0.000149
3513;0.000148
3514;0.000147
3515;0.000146
3516;0.000145
3517;0.000145
3518;0.000145
3519;0.000144
3520;0.000142
3521;0.000143
3522;0.000142
3523;0.000142
3524;0.000141
3525;0.000141
3526;0.000138
3527;0.000139
3528;0.000138
3529;0.000138
3530;0.000137
3531;0.000136
3532;0.000136
3533;0.000135
3534;0.000134
3535;0.000133
3536;0.000134
3537;0.000133
3538;0.000132
3539;0.000130
3540;0.000131
3541;0.000130
3542;0.000130
3543;0.000129
3544;0.000128
3545;0.000127
3546;0.000128
3547;0.000126
3548;0.000126
3549;0.000126
3550;0.000125
3551;0.000123
3552;0.000124
3553;0.000124
3554;0.000122
3555;0.000122
3556;0.000122
3557;0.000121
3558;0.000121
3559;0.000120
3560;0.000120
3561;0.000119
3562;0.000119
3563;0.000117
3564;0.000118
3565;0.000117
3566;0.000116
3567;0.000115
3568;0.000116
3569;0.000114
3570;0.000114
3571;0.000114
3572;0.000114
3573;0.000113
3574;0.000112
3575;0.000112
3576;0.000112
3577;0.000111
3578;0.000110
3579;0.000110
3580;0.000109
3581;0.000109
3582;0.000108
3583;0.000108
3584;0.000108
3585;0.000107
3586;0.000107
3587;0.000106
3588;0.000106
3589;0.000105
3590;0.000105
3591;0.000104
3592;0.000103
3593;0.000102
3594;0.000102
3595;0.000102
3596;0.000102
3597;0.000101
3598;0.000101
3599;0.000100
3600;0.000100
3601;0.000100
3602;0.000098
3603;0.000099
3604;0.000098
3605;0.000097
3606;0.000098
3607;0.000097
3608;0.000096
3609;0.000096
3610;0.000096
3611;0.000095
3612;0.000095
3613;0.000094
3614;0.000094
3615;0.000093
3616;0.000093
3617;0.000093
3618;0.000092
3619;0.000090
3620;0.000092
3621;0.000091
3622;0.000091
3623;0.000090
3624;0.000090
3625;0.000089
3626;0.000089
3627;0.000088
3628;0.000088
3629;0.000088
3630;0.000087
3631;0.000087
3632;0.000087
3633;0.000086
3634;0.000086
3635;0.000086
3636;0.000084
3637;0.000085
3638;0.000084
3639;0.000084
3640;0.000083
3641;0.000082
3642;0.000083
3643;0.000082
3644;0.000082
3645;0.000081
3646;0.000081
3647;0.000081
3648;0.000081
3649;0.000080
3650;0.000080
3651;0.000080
3652;0.000079
3653;0.000078
3654;0.000079
3655;0.000077
3656;0.000078
3657;0.000077
3658;0.000077
3659;0.000077
3660;0.000077
3661;0.000076
3662;0.000076
3663;0.000075
3664;0.000075
3665;0.000075
3666;0.000074
3667;0.000074
3668;0.000073
3669;0.000074
3670;0.000073
3671;0.000073
3672;0.000072
3673;0.000072
3674;0.000072
3675;0.000071
3676;0.000071
3677;0.000070
3678;0.000070
3679;0.000070
3680;0.000069
3681;0.000070
3682;0.000069
3683;0.000069
3684;0.000069
3685;0.000068
3686;0.000068
3687;0.000067
3688;0.000068
3689;0.000067
3690;0.000067
3691;0.000066
3692;0.000066
3693;0.000066
3694;0.000065
3695;0.000065
3696;0.000065
3697;0.000065
3698;0.000064
3699;0.000064
